id,first_name,last_name,email,password,borrowed_books_ids,purchased_books_ids,status
1,Alphonso,Petcher,marcial@gmail.com,Mc5723167.,1;1,200,admin
2,Lauraine,Andrzejak,landrzejak1@tamu.edu,nL7{r_ZKXGet/f,2,199,admin
3,Bea,Artois,bartois2@japanpost.jp,sZ3\4w0l,3,198,admin
4,Donia,Jenney,djenney3@bbc.co.uk,lL1!A`N)r,4,197,admin
5,Harold,Marcoolyn,hmarcoolyn4@marriott.com,nJ4>3z!H}ZvUKk,5,196,admin
6,Kania,Arthey,karthey5@bandcamp.com,xD9~E7IMc}4,6,195,admin
7,Blinnie,Loosely,bloosely6@elpais.com,"sU8#!u@Cg8G)""d&",7,194,admin
8,Corly,Naisbit,cnaisbit7@gravatar.com,aD4*cQy==,8,193,admin
9,Donnamarie,Lodden,dlodden8@weather.com,iI4$%SvG$)MCf\,9,192,admin
10,Sianna,Macieja,smacieja9@tinypic.com,wV1.en>A%z\2Uw!3,10,191,admin
11,Pavel,Norster,pnorstera@fda.gov,sP4>NVKNgg\/+H2,11,190,admin
12,Roselia,Davydychev,rdavydychevb@stanford.edu,sG3.>N5)zot,12,189,admin
13,Meade,Gilroy,mgilroyc@hibu.com,lW4|OIj0UhJ`>,13,188,admin
14,Holli,Rannald,hrannaldd@webnode.com,"qT9,7h&?ip9_s~1",14,187,admin
15,Domenic,Preddy,dpreddye@typepad.com,eJ2*6!p$Z4$JNU|,15,186,admin
16,Babbette,Sunner,bsunnerf@abc.net.au,wE7(~`G_Ejp,16,185,admin
17,Jamie,Archbold,jarchboldg@cpanel.net,sD3#20|)6(,17,184,admin
18,Marika,Timmis,mtimmish@youku.com,zQ1+1yA#,18,183,admin
19,Herc,Camble,hcamblei@hatena.ne.jp,wQ4'Qs)PMJ,19,182,admin
20,Tremayne,Acutt,tacuttj@usatoday.com,wJ9\TNmKO9IuQ,20,181,admin
21,Belinda,Chiene,bchienek@google.it,mX3$\(kNvqNzx,21,180,admin
22,Tudor,McCuish,tmccuishl@rambler.ru,nF2)y~>ENG,22,179,admin
23,Wood,Hamlington,whamlingtonm@yellowpages.com,"mS4.v=kQtOqr,(n",23,178,admin
24,Cherilyn,Hitzschke,chitzschken@yahoo.co.jp,"nU6_ID}j<\v4I""8",24,177,admin
25,Robbert,Edgell,redgello@qq.com,wU4)gN/Ms#'#9~R,25,176,admin
26,Gizela,Braune,gbraunep@cdbaby.com,"fA0!nHP)!""_Xn*Lv",26,175,admin
27,Leonardo,Adran,ladranq@amazonaws.com,jA9+(?@4.,27,174,admin
28,Leona,Saben,lsabenr@altervista.org,aV2$GA9Zd,28,173,admin
29,Fredek,Shafier,fshafiers@google.ru,oZ8'B@)E,29,172,admin
30,Ken,Mountain,kmountaint@hao123.com,"nE7}+""<|&R4",30,171,admin
31,Marigold,Jeayes,mjeayesu@aol.com,uU3%1D$.G8,31,170,cliente
32,Inigo,Mussalli,imussalliv@hhs.gov,nB9)_J<sSySn<X,32,169,cliente
33,Lexie,Koeppke,lkoeppkew@spiegel.de,oP4=E1ncL=H`},33,168,cliente
34,Jo-anne,Winters,jwintersx@mapy.cz,mJ2_v*=i,34,167,cliente
35,Hi,Nichols,hnicholsy@foxnews.com,"mY3,%y|K9u0O8",35,166,cliente
36,Derrek,Deroche,dderochez@nymag.com,fZ2&)9UAl,36,165,cliente
37,Ellis,Geldard,egeldard10@canalblog.com,tA5~L<a4v,37,164,cliente
38,Armando,Woolnough,awoolnough11@pcworld.com,rT7$K*LPYkWN&A,38,163,cliente
39,Jodie,Giannini,jgiannini12@scientificamerican.com,"vW5}#R<,EW}",39,162,cliente
40,Franklin,Dubois,fdubois13@wunderground.com,lU8'>JWh,40,161,cliente
41,Gael,Covey,gcovey14@cmu.edu,eE0<qyob=ww_,41,160,cliente
42,Alejandrina,Heintzsch,aheintzsch15@constantcontact.com,"gP0""9JMZ%|KfJ5S",42,159,cliente
43,Ignazio,Boskell,iboskell16@cpanel.net,cL0?Z6()p`/5,43,158,cliente
44,Sigismond,Cockaday,scockaday17@twitter.com,hU2{jzg?((,44,157,cliente
45,Leslie,Grasner,lgrasner18@shop-pro.jp,kD4+Ez+Z/,45,156,cliente
46,Emmerich,Wyard,ewyard19@4shared.com,lI9*4u`y,46,155,cliente
47,Loree,Westlake,lwestlake1a@google.co.jp,sM9%)aIIeJ~?&Nw,47,154,cliente
48,Lena,Fay,lfay1b@blogspot.com,qB4*y`@gZpyE,48,153,cliente
49,Grove,MacSharry,gmacsharry1c@cornell.edu,jE6*`#g8~7,49,152,cliente
50,Pablo,Heims,pheims1d@elpais.com,nX4@s7o_4jG,50,151,cliente
51,Emmalee,Ruggieri,eruggieri1e@tmall.com,lS0}*(|RRk,51,150,cliente
52,Margette,Arstall,marstall1f@cloudflare.com,tP7_EK$<((?at,52,149,cliente
53,Kristoforo,Obray,kobray1g@apache.org,bR4%zDf/,53,148,cliente
54,Rodrique,Bonnavant,rbonnavant1h@vkontakte.ru,gC7`gb.'3a)+#,54,147,cliente
55,Derwin,MacNeely,dmacneely1i@sina.com.cn,cW1%Ke5+@F,55,146,cliente
56,Merrick,Marvell,mmarvell1j@cbslocal.com,wD8#!qS%$$,56,145,cliente
57,Ly,Theurer,ltheurer1k@globo.com,"vU3(>0x""rX3se=a<",57,144,cliente
58,Julita,Dobrowlski,jdobrowlski1l@alexa.com,tF7~B6ys|$g8Z6s,58,143,cliente
59,Kale,Hackey,khackey1m@etsy.com,sW6+{V|y',59,142,cliente
60,Guillaume,Cowins,gcowins1n@squidoo.com,"yO7%hAyIQF\s,",60,141,cliente
61,Helen,Barkly,hbarkly1o@opera.com,iC0|GuW6H|?&ZH,61,140,cliente
62,Xylina,Drysdall,xdrysdall1p@jalbum.net,kT2)HTkn#/,62,139,cliente
63,Korey,Flicker,kflicker1q@quantcast.com,gJ5.++=g0\PD,63,138,cliente
64,Ranna,Regus,rregus1r@google.co.uk,jB3)B>TA6LG,64,137,cliente
65,Cami,Skitteral,cskitteral1t@uol.com.br,"hO5$7xk""IM<!4rq",65,136,cliente
66,Cami,Skitteral,cskitteral1t@uol.com.br,"hO5$7xk""IM<!4rq",66,135,cliente
67,Jessamine,McGill,jmcgill1u@marriott.com,tR4.0mMx`b#,67,134,cliente
68,Alaine,Southernwood,asouthernwood1v@ustream.tv,lY9#6eq&i!aIevT,68,133,cliente
69,Aluin,Scotchforth,ascotchforth1w@taobao.com,wE1`.9t8d>WiDYb(,69,132,cliente
70,Prentice,Kynge,pkynge1x@issuu.com,bU2!VjCwbXe\2Ce?,70,131,cliente
71,Dean,Degoix,ddegoix1y@dagondesign.com,iL0>n+VC#gIxZ,71,130,cliente
72,Frederik,Nelsey,fnelsey1z@zdnet.com,jM8`Yxyt1{H,72,129,cliente
73,Estevan,Hawlgarth,ehawlgarth20@dagondesign.com,wV2_V\EIa5?,73,128,cliente
74,Elenore,Southeran,esoutheran21@fda.gov,vX7{kysFpNFPkJ!C,74,127,cliente
75,Johnette,Splevins,jsplevins22@mail.ru,bK9/LJl'V,75,126,cliente
76,Abey,Syratt,asyratt23@columbia.edu,wM0!4on|0},76,125,cliente
77,Donny,Thick,dthick24@hhs.gov,iH3|lzVX3GQ5gNxt,77,124,cliente
78,Krystalle,Valti,kvalti25@seattletimes.com,aA0{whAI+)Hx6&,78,123,cliente
79,Laney,Yepiskov,lyepiskov26@networksolutions.com,rZ7}l}m+q,79,122,cliente
80,Reynard,McKeney,rmckeney27@ibm.com,fY0<Us>RZNsN3,80,121,cliente
81,Korrie,Bowld,kbowld28@hexun.com,iD7)}7No0U,81,120,cliente
82,Morly,Kubal,mkubal29@ustream.tv,sE6?p\Y'7rvSD,82,119,cliente
83,Torre,Oxx,toxx2a@over-blog.com,lK0&xz(=J,83,118,cliente
84,Dulce,Pepon,dpepon2b@hao123.com,"pG1+q38D,at",84,117,cliente
85,Reinwald,Ashlin,rashlin2c@gov.uk,dH5(JpcUN4&,85,116,cliente
86,Howard,Worsom,hworsom2d@intel.com,"oU9~',_NH",86,115,cliente
87,Lorens,Flippini,lflippini2e@google.com.au,nL8)39*K}@#W'',87,114,cliente
88,Shaine,Leadbeater,sleadbeater2f@sitemeter.com,sY1/5*{t3+*~~,88,113,cliente
89,Rakel,Drury,rdrury2g@friendfeed.com,eH1%%n$!ZC{U~h<,89,112,cliente
90,Henri,Clowser,hclowser2h@reverbnation.com,wF1/j%*iImFFfV,90,111,cliente
91,Hope,Werlock,hwerlock2i@canalblog.com,"nJ8,.Wv}KY}p""",91,110,cliente
92,Joshuah,Glasspoole,jglasspoole2j@redcross.org,"jU8#u`2*""#4",92,109,cliente
93,Fiorenze,Brecon,fbrecon2k@stanford.edu,nQ1.HSw\M,93,108,cliente
94,Cointon,Ballaam,cballaam2l@cdbaby.com,hA3`/H96+(BqvyYb,94,107,cliente
95,Ruthi,Josefsson,rjosefsson2m@opensource.org,"cI3=.{Q.$G8xi,",95,106,cliente
96,Marline,Kingswold,mkingswold2n@privacy.gov.au,"bM0/8,BK9M&6_D",96,105,cliente
97,Imelda,Oram,ioram2o@csmonitor.com,yM9$Y1SU2+|/M'h,97,104,cliente
98,Donielle,Coalburn,dcoalburn2p@msu.edu,aQ8|%4yW6(em>,98,103,cliente
99,Svend,Mander,smander2q@google.nl,"gG8,n}=bf8RtH""h""",99,102,cliente
100,Alic,Boards,1,1,100,101,cliente
